{
    "2-2": {
        "kame": 2.942765197959969,
        "teleport": 1.4868229670457684,
        "dam_nhe": -1.3776614489724226
    },
    "1-2": {
        "genki": 2.174644152483418,
        "dam_nhe": -1.522504158828021
    },
    "1-1": {
        "kame": 1.7171202689294551,
        "genki": 5.310888234517298
    },
    "1-0": {},
    "0-0": {
        "teleport": 2.9308265491544523
    },
    "2-1": {},
    "0-1": {
        "genki": 3.372417692466546
    },
    "0-2": {
        "kame": -3.0720855382162946
    }
}